"ID","Reached.on.Time_Y.N"
1017,1
8004,1
4775,0
10369,0
9725,0
10539,1
8462,1
4050,1
8789,0
1301,1
8522,0
1799,1
9941,0
8229,0
1129,1
8921,0
878,1
8677,0
7845,1
5922,0
6526,1
5071,0
2900,1
7075,0
10570,0
4650,0
9638,1
2159,1
3476,1
1948,1
2580,1
1530,1
7289,1
4633,0
6519,0
4344,0
1222,1
10618,0
10279,0
10675,1
2858,1
5400,1
9888,0
526,1
1069,1
5522,1
8214,0
5838,0
5862,0
6337,1
5491,0
9320,0
7494,0
9175,0
1791,1
9831,0
4939,1
465,1
7976,0
9392,0
3863,0
9326,1
8276,0
1895,1
3101,1
10492,0
3990,0
6877,0
10140,0
6764,1
1328,1
8749,1
8479,0
6473,1
6995,0
9714,0
858,1
6763,0
9182,0
316,1
733,1
6273,0
4907,0
5051,0
2330,1
9359,1
6429,0
3992,0
1706,1
501,1
6655,1
536,1
6881,0
7507,1
7514,0
3747,0
5163,0
29,1
1942,1
4934,1
1820,1
2281,1
9509,1
1966,1
8561,1
10691,0
4182,0
5603,1
5742,1
8547,0
5939,0
6956,1
9265,0
8553,1
9532,1
9458,1
6902,0
10033,0
2866,1
8943,0
219,1
8327,0
532,1
3123,1
9104,0
6611,1
2178,1
5936,1
7233,1
5932,0
4455,1
2153,1
1148,1
1101,1
1242,1
1218,1
4115,0
8465,1
418,1
6563,1
867,1
4499,0
3821,0
9803,0
5897,0
818,1
10844,0
4730,0
664,1
719,1
500,1
3045,1
6816,0
6373,1
8615,0
8159,0
8613,0
9181,0
3598,1
3700,0
5136,0
10511,1
9346,1
10817,0
8696,0
785,1
6789,1
7131,1
8053,0
1572,1
4401,1
1833,1
2461,1
10816,1
4225,1
309,1
7892,0
4078,1
7146,0
8633,0
3189,0
470,1
1360,1
1822,1
1790,1
8541,1
8066,1
3144,0
9086,1
4686,0
10148,0
8666,0
10843,1
5048,0
455,1
6500,0
7793,1
3306,0
6217,0
8207,1
4158,0
4486,1
9860,1
9251,1
5987,1
10985,1
5447,0
6809,0
8174,0
10789,0
4096,0
10204,1
6887,0
4084,0
2110,1
1172,1
797,1
10959,1
9788,0
4072,0
5057,0
7452,0
10271,1
5388,1
2762,1
8802,0
1265,1
7812,0
10893,0
2265,1
2156,1
6415,1
5390,0
10880,1
7151,1
5458,1
5729,0
1760,1
5704,0
5685,0
4664,1
4075,1
5474,0
7525,0
4212,0
10235,1
3070,1
5353,0
7439,0
9655,1
9413,0
462,1
10149,1
6443,1
10475,0
4049,0
6657,0
9690,1
10413,1
10742,0
7888,0
2033,1
731,1
7039,1
2813,1
3805,1
4771,0
966,1
10684,1
9383,0
6193,0
10209,0
5591,0
5793,0
8483,0
4749,0
8439,1
2482,1
6885,1
3388,0
3418,0
2722,1
2884,1
56,1
7193,0
934,1
7640,0
8109,0
4590,1
7883,0
3552,1
10344,1
5123,0
6803,0
4257,1
10624,1
127,1
717,1
10688,0
9644,0
7715,1
7447,1
676,1
10185,0
10965,0
5795,1
148,1
121,1
8361,1
8790,1
1491,1
2815,1
9772,1
1115,1
6308,1
3616,0
3551,1
10359,0
9975,0
6525,1
436,1
2137,1
8137,0
533,1
9573,0
2752,1
5592,1
9038,1
5191,0
6459,1
8411,1
9050,1
3565,1
570,1
6976,0
1926,1
5666,1
1813,1
7681,0
2833,1
7885,1
5694,0
7981,0
10740,0
10050,0
5161,0
7560,0
8473,0
4063,1
7918,0
10852,1
724,1
10245,0
1354,1
8684,1
6164,0
3255,0
10759,1
5199,1
10141,0
8706,1
6017,1
10309,0
9445,0
2016,1
10381,0
132,1
6186,0
5094,0
1659,1
10373,1
6068,0
6438,0
9613,1
2312,1
6321,1
5040,1
1839,1
3505,0
1838,1
9958,0
5259,1
9736,1
8512,0
4211,0
9666,1
6595,0
9434,0
6990,1
6303,0
2167,1
2543,1
10210,1
10014,0
5914,0
8301,0
3760,0
6663,0
2587,1
8945,1
10917,0
7935,1
393,1
8840,1
7046,0
7923,0
4208,0
5147,0
4318,0
6410,0
4254,0
10129,0
10720,0
2778,1
10635,0
7343,0
6103,1
7334,0
9331,1
4436,1
6236,1
5772,0
99,1
7684,1
7983,0
3200,0
3822,1
8090,1
6989,1
5763,1
7805,0
1190,1
1459,1
5117,0
1776,1
116,1
7360,0
10572,0
3157,1
1749,1
1326,1
1847,1
9424,0
1018,1
10846,1
383,1
8920,0
771,1
5207,1
484,1
4599,0
6449,0
3887,0
2563,1
9892,1
58,1
9701,0
4801,1
2021,1
10710,1
2170,1
1803,1
9606,0
1124,1
313,1
6790,0
10196,1
822,1
6625,0
5480,1
5131,0
3382,0
10561,0
81,1
3328,0
3126,1
2194,1
5235,1
5663,0
2796,1
6472,1
2775,1
7174,1
1401,1
8627,1
5605,0
7961,0
9978,1
3360,1
8426,0
1779,1
10370,1
7656,1
4278,1
8253,0
4606,0
1089,1
8841,0
1861,1
10879,0
10306,1
7374,1
7893,0
10518,0
2992,1
3797,0
6079,0
1177,1
8209,0
1057,1
3706,0
6440,0
7123,1
2257,1
1525,1
6420,0
5809,0
2079,1
10833,0
8987,0
7009,0
8765,0
3037,1
6485,1
3558,0
4568,0
7842,1
2351,1
7666,1
3651,0
6266,0
1871,1
9886,1
5034,1
5005,1
8060,0
363,1
8816,1
2573,1
9459,0
10602,1
3329,0
2373,1
702,1
1378,1
959,1
2273,1
10863,0
9681,0
8589,1
5031,1
10771,1
744,1
564,1
10776,0
9784,0
2290,1
3482,0
5327,1
5287,0
87,1
4313,0
5633,0
860,1
5620,1
7817,1
6134,0
2446,1
628,1
5368,0
1104,1
1493,1
4062,0
3926,0
9710,0
4784,0
2811,1
1473,1
2572,1
4364,0
10934,0
10329,1
8863,0
4933,0
2569,1
9410,0
4745,0
2551,1
128,1
7211,0
1435,1
102,1
7255,1
4066,0
3457,0
453,1
4585,0
6138,1
9321,1
8146,1
6050,1
815,1
8766,0
644,1
7238,0
8240,0
8151,0
3437,0
7120,0
9366,0
2608,1
9721,1
4358,1
1590,1
7368,0
3352,0
9027,1
9742,1
2899,1
10707,1
1821,1
10478,1
7917,1
8793,0
1759,1
8910,0
2107,1
1019,1
2020,1
8735,0
7757,1
10546,0
296,1
5144,1
5853,0
10122,0
764,1
5566,0
9926,1
9546,0
8314,0
3047,1
8690,0
1043,1
376,1
4562,1
6101,0
919,1
10865,0
1487,1
6109,0
5999,0
5661,0
9558,1
7025,1
854,1
8717,1
10006,0
10947,1
108,1
10337,1
10958,0
3862,1
3018,1
2285,1
10248,0
8588,1
144,1
10027,1
3733,1
5254,1
10713,0
8444,0
2069,1
4963,1
133,1
10772,0
9995,1
9833,0
386,1
1802,1
8482,0
8962,0
5756,1
7500,1
9094,1
2158,1
4297,1
487,1
7379,1
10647,0
3254,0
1421,1
908,1
3363,1
9992,0
247,1
8054,0
8649,1
9183,0
6320,0
8775,1
647,1
2732,1
492,1
3807,1
3586,0
1620,1
7348,1
3129,1
5435,1
553,1
9972,0
1864,1
1443,1
5238,0
7445,1
7200,1
9979,0
10229,0
1031,1
4330,0
2531,1
3417,0
10389,1
1587,1
10711,0
1651,1
3402,1
6818,0
5776,1
5195,0
7512,0
1630,1
7998,1
8864,0
5527,0
2136,1
10420,0
5148,0
8343,0
1524,1
8978,0
3946,0
827,1
4876,1
9610,1
2616,1
2684,1
8825,0
6167,1
8968,0
9822,1
7419,1
1131,1
4333,0
1890,1
9395,0
5334,0
4404,0
2997,1
7637,0
6398,1
10832,0
8378,0
4407,1
2019,1
2548,1
5750,0
1967,1
4279,0
10627,0
8539,0
4490,1
6557,0
8781,0
5305,0
6583,0
2161,1
5630,0
4210,0
8692,0
1216,1
2395,1
8423,1
9966,0
9984,1
9776,1
129,1
2424,1
3145,0
2792,1
314,1
4324,1
8881,1
8101,0
823,1
10058,1
10005,0
8164,1
407,1
5024,0
10715,0
280,1
3579,1
9402,1
517,1
3793,0
3590,1
8861,1
851,1
10905,1
3465,1
10295,0
6314,1
7652,0
793,1
703,1
324,1
8427,0
3641,1
9767,0
3390,1
2106,1
787,1
8068,1
9783,1
1373,1
1592,1
660,1
5006,0
1038,1
6574,0
10340,1
64,1
2131,1
9112,0
626,1
8498,0
6850,0
5607,0
5502,1
4848,0
2506,1
6293,1
8097,1
8567,0
5920,0
284,1
6940,0
1863,1
1950,1
8094,0
8608,0
8168,0
3210,0
4759,0
9505,1
4973,1
9547,1
9300,0
4023,0
10757,0
10926,1
7173,0
7555,1
10915,0
10435,0
4206,0
3729,0
6849,0
9390,1
4400,1
5512,0
7891,1
384,1
6776,0
5330,0
10873,1
5846,1
9764,0
5943,0
10157,1
8644,1
573,1
1611,1
5165,0
8345,1
1700,1
3781,0
479,1
1922,1
7914,0
8544,0
9684,0
8389,0
4083,0
3298,1
10895,0
5863,0
10068,1
4186,1
4064,0
5671,1
2664,1
8971,0
8827,1
10004,1
249,1
10714,1
7239,0
101,1
7965,0
3665,1
520,1
5670,0
8313,0
10264,0
3415,1
7435,0
650,1
617,1
4676,1
1846,1
4223,0
3680,0
7568,1
1428,1
7300,0
4105,0
4944,0
5361,1
9439,1
3338,0
5864,1
9101,1
10640,1
5337,1
4754,0
9792,0
8778,0
812,1
2480,1
5956,0
9754,1
9845,0
338,1
7809,0
5845,0
6512,0
8398,1
8634,0
4777,0
8147,1
2267,1
6919,1
8782,0
10548,0
7310,0
1372,1
9812,0
6063,0
6081,1
9009,0
2823,1
220,1
7095,0
6558,1
5413,0
6584,0
4572,0
2214,1
4637,0
9839,1
8744,1
3663,1
6581,1
8714,0
611,1
7671,0
217,1
10728,1
8654,1
4819,1
6239,0
7309,1
3631,1
6515,1
6531,0
7826,0
271,1
1299,1
10791,0
2871,1
6799,0
10281,0
7821,1
4171,1
7304,0
5957,1
4893,0
4733,1
27,1
8753,0
6448,0
4578,0
4385,0
10073,0
2937,1
4292,1
9939,0
3766,1
9209,1
7228,0
7261,1
10824,1
8443,1
5061,1
9080,0
3115,1
2223,1
5912,0
10330,1
1598,1
8405,1
5575,1
5934,0
8693,1
1088,1
4721,0
2761,1
9353,1
9051,0
3572,0
1071,1
6348,0
10800,1
503,1
2541,1
5466,1
2439,1
5857,0
2864,1
979,1
3152,1
10120,0
2284,1
610,1
10099,0
8682,0
7574,1
6226,0
2116,1
656,1
10997,0
4327,1
3702,1
6693,0
5135,0
5176,1
7486,0
1252,1
2826,1
10249,1
2391,1
2678,1
10241,1
413,1
8395,1
8671,1
6660,0
7785,0
9738,1
9229,1
7987,1
8331,1
1259,1
5189,1
7740,1
9628,1
4901,0
4103,1
10641,1
4895,0
7799,0
1654,1
427,1
9055,1
10192,0
8131,0
9908,0
582,1
8768,0
8045,0
1817,1
225,1
6247,0
5578,1
8377,0
2841,1
2426,1
4609,0
5770,1
8437,1
9249,0
3679,1
3842,0
2928,1
450,1
6008,0
665,1
1670,1
8806,0
1090,1
5281,1
5253,0
9441,0
3715,1
4836,0
6357,0
4589,1
4596,0
2403,1
8231,1
7008,1
1552,1
721,1
5761,1
10061,1
7545,1
9624,1
8578,0
5473,1
4896,0
6883,1
5767,1
9236,0
6417,0
10584,0
327,1
9503,0
6750,0
9029,0
1205,1
3237,1
1768,1
4038,0
6903,1
5049,0
2296,1
6834,1
10515,1
7658,0
3316,1
6160,1
838,1
7808,0
2490,1
4474,1
4703,0
5396,1
4649,0
4630,0
3977,1
556,1
4346,0
306,1
945,1
2772,1
4826,1
1279,1
8032,0
8941,0
4286,1
8416,1
9949,0
7040,0
10669,1
4904,0
8818,1
2765,1
2240,1
4588,1
534,1
2423,1
6265,1
10620,0
1526,1
2389,1
5749,0
401,1
6987,0
4780,0
3929,1
34,1
6387,1
3728,0
10564,1
6093,0
2751,1
9069,0
7986,0
347,1
3984,1
1302,1
8763,0
4866,0
9047,0
3580,1
5564,1
7895,1
5727,0
9993,0
5418,1
68,1
4618,0
10203,1
5184,1
8365,1
391,1
2350,1
505,1
4475,1
3983,1
10831,0
3553,0
935,1
1316,1
5240,1
7565,0
9811,1
3936,0
5157,0
2408,1
90,1
9706,0
2600,1
2499,1
1689,1
5101,1
1954,1
3387,1
4142,1
1511,1
773,1
3375,0
2145,1
40,1
41,1
5291,1
4239,0
113,1
3890,1
6744,0
2255,1
3158,0
6262,1
8325,0
7004,0
5735,0
1641,1
4527,1
8986,1
10575,1
7663,1
5394,0
5470,1
4612,1
10662,0
3159,1
6196,0
2705,1
6480,0
1830,1
9551,0
6963,0
1581,1
5958,1
5007,0
2904,1
4778,1
667,1
3435,0
4811,1
4611,1
8990,1
5260,1
1778,1
2889,1
5971,0
10560,1
8930,1
10265,0
7758,0
2002,1
4298,0
10028,0
8117,0
1792,1
7298,0
7598,0
6896,1
759,1
1560,1
6211,0
6251,0
1258,1
10753,0
4107,1
6238,0
5948,0
2617,1
3920,1
699,1
8532,0
9883,1
3792,1
3426,1
10935,1
7182,1
3814,1
6384,0
5650,0
2235,1
3993,1
1376,1
10770,0
3845,0
7871,1
3956,0
4953,0
1098,1
5794,0
10284,1
2934,1
2538,1
9869,1
9006,0
4724,0
1000,1
5728,0
6335,0
6035,1
10851,0
10819,0
7945,0
619,1
5192,0
1144,1
2182,1
1636,1
9435,0
2282,1
2185,1
7613,0
4258,0
3531,0
6461,0
6762,1
10613,1
6592,1
5307,1
10864,1
3561,1
2129,1
8501,0
1965,1
1742,1
310,1
5814,0
7662,1
616,1
9453,1
1092,1
9603,1
4086,1
6060,0
2211,1
4119,0
9826,1
8739,0
10351,0
756,1
7721,0
1818,1
1782,1
1198,1
7993,0
9355,1
6968,0
8096,0
5993,0
6264,1
8432,1
1619,1
7571,1
4773,0
6958,1
3309,0
10064,0
5468,0
1929,1
6128,0
649,1
2602,1
8598,0
965,1
5265,1
54,1
8969,0
4634,0
3257,0
9801,0
10545,0
5245,0
6586,0
2595,1
3266,1
9406,0
830,1
10270,0
569,1
441,1
1983,1
7,1
10294,0
229,1
5316,1
2930,1
10077,1
8243,0
10653,0
5581,0
2301,1
10960,0
1362,1
6284,0
9056,1
2409,1
4110,1
1951,1
2124,1
6430,1
672,1
2766,1
2379,1
1996,1
6488,1
8656,1
1961,1
1998,1
8075,0
9401,1
335,1
7263,1
5788,0
10358,1
10780,0
1106,1
4150,1
3818,0
5836,0
2744,1
3051,1
9217,0
44,1
7628,1
6623,0
6275,0
1786,1
1935,1
9657,0
2380,1
7436,1
6571,1
5257,1
6791,0
3804,0
8896,0
5797,0
3235,1
9414,0
5318,0
10107,0
7995,1
3327,0
5138,1
10168,1
8524,1
1936,1
1949,1
2840,1
9739,0
3879,0
10730,0
7936,1
5686,0
9202,0
9074,1
9045,0
2356,1
9865,1
8451,0
7523,0
406,1
5765,1
5186,1
4804,1
3324,1
697,1
3915,0
3447,1
2924,1
2076,1
2837,1
1154,1
1748,1
10109,0
692,1
4451,1
6970,1
10774,0
4894,0
1035,1
7218,0
3661,0
5093,0
4315,1
7680,0
3731,0
1457,1
5003,0
3058,1
8878,1
2044,1
2789,1
7621,0
3442,0
7421,0
10615,1
9601,0
7974,1
8413,1
3245,0
7471,1
5226,1
10162,0
498,1
8750,0
3143,1
1221,1
2962,1
9141,0
10177,0
10727,1
3100,1
3318,0
10911,1
8874,0
3229,1
5807,1
1806,1
7216,1
3039,1
4713,0
5268,1
5949,0
10595,1
2003,1
10136,1
4632,0
9442,0
4807,0
6537,1
1213,1
9478,1
3765,0
1855,1
8652,0
7109,0
6207,1
5562,1
10459,1
5843,1
9994,0
3625,1
10751,0
6616,0
1610,1
5889,1
463,1
8869,0
10946,1
7903,0
2788,1
9748,1
1603,1
8517,0
263,1
3768,1
1386,1
10862,1
10131,0
2382,1
4419,1
9998,1
9556,0
8133,0
3434,1
7696,1
10180,0
8659,0
36,1
990,1
10324,0
10198,0
6058,0
1984,1
8322,0
8752,0
5653,1
9455,0
1828,1
5841,0
8407,1
9271,0
6514,1
2645,1
2378,1
3212,0
10221,0
6313,0
5089,0
1718,1
8718,0
8275,1
10152,0
7303,0
5411,0
7400,1
1229,1
10051,0
6383,0
8892,0
761,1
4507,0
7837,1
3414,0
4736,1
2419,1
1186,1
5963,0
2206,1
7679,0
1692,1
168,1
5940,1
8425,0
9903,1
8014,0
10470,1
1732,1
615,1
5533,0
7114,0
1368,1
8704,0
8626,1
4418,0
2571,1
967,1
3381,1
6696,0
9234,0
881,1
8702,1
9864,0
5158,0
9379,1
7738,0
9636,0
7464,0
2336,1
10551,0
1781,1
8756,1
7503,1
4860,1
10184,0
259,1
9516,0
5438,0
5227,1
5941,0
2567,1
9531,1
4965,0
396,1
7375,0
8705,0
5239,1
1389,1
6344,1
6522,0
9216,0
9090,0
6432,1
3750,0
7739,0
9773,0
9364,1
6851,1
2410,1
6305,0
7410,1
7697,0
3873,1
6061,1
4888,1
1920,1
3698,1
10967,0
6589,0
6237,0
8333,0
10090,0
10637,0
7933,0
9305,1
6939,1
6003,0
5479,0
1600,1
2436,1
2437,1
3119,1
4742,0
2919,1
7451,1
2432,1
5677,0
10275,0
8119,1
1274,1
3840,1
4654,0
7033,1
10314,1
2109,1
7814,0
2258,1
4660,1
2486,1
2652,1
149,1
7117,1
7267,1
3204,0
10182,1
3970,0
7381,0
6311,0
1907,1
185,1
7332,0
10130,1
5651,0
8461,0
1937,1
1116,1
5014,0
10115,0
10969,0
1731,1
7101,0
9987,1
2686,1
8909,0
4689,0
7566,0
5406,0
1370,1
3852,0
977,1
7276,1
8139,1
4176,0
38,1
8412,1
7912,0
5621,0
7154,0
6298,0
6444,0
2921,1
4433,1
170,1
7116,1
6052,1
334,1
1656,1
1424,1
5617,0
6394,1
9519,1
7880,1
3031,1
2261,1
6684,1
10020,0
9083,1
3052,1
2429,1
3489,1
9493,0
2025,1
8905,0
10790,0
7462,1
10953,0
1677,1
4506,1
3290,0
5560,1
2008,1
9260,0
9898,0
9043,0
10214,0
1831,1
10260,0
6649,0
1568,1
7245,0
2148,1
9362,0
1697,1
4125,1
9440,0
2053,1
2238,1
3446,0
6889,1
9760,0
6112,1
9988,0
6487,0
9352,1
7425,0
9470,1
741,1
2985,1
6386,1
4471,0
746,1
7000,1
10303,1
2058,1
3431,1
10219,1
6878,1
8908,1
4178,1
3726,0
5350,1
9499,0
7015,0
7413,0
2370,1
5310,1
9986,1
9465,1
5196,1
7150,1
476,1
9740,0
1865,1
6983,0
2401,1
9734,1
8391,0
889,1
6257,1
10216,0
1693,1
4723,0
226,1
9360,0
3184,0
8015,1
10310,0
9166,0
97,1
4852,1
7894,1
448,1
4240,1
842,1
1579,1
1078,1
10023,1
4482,0
5632,1
8855,1
5100,0
9940,0
1065,1
7386,1
6969,0
9400,0
2784,1
8571,0
7647,0
2164,1
1297,1
7387,1
8093,1
7415,1
2530,1
9873,0
2674,1
3922,0
524,1
4758,1
7763,0
6156,0
3154,0
4037,1
7176,1
5030,1
1801,1
4166,0
3127,1
9641,0
10685,0
8355,1
7710,0
2445,1
5082,0
1026,1
3543,1
3165,1
1577,1
8506,0
3575,0
9538,0
8569,1
8480,1
1845,1
8590,0
46,1
5917,0
8219,0
726,1
2725,1
2892,1
8762,0
1023,1
9578,1
8352,1
3954,0
8924,0
5819,1
4477,0
8556,1
7230,0
7449,0
2844,1
283,1
457,1
1275,1
10250,1
333,1
8791,1
4692,0
7124,1
7752,0
6362,0
392,1
4288,0
8362,0
1726,1
1158,1
728,1
5830,1
1853,1
5045,0
7626,0
2102,1
2377,1
2638,1
3876,0
4007,0
10586,0
3203,1
2213,1
2797,1
3669,1
7539,0
1261,1
7776,1
1488,1
5931,0
6745,0
3439,1
2397,1
3034,1
8648,1
5764,0
251,1
6505,1
1022,1
7184,1
5893,0
10098,1
8860,0
5262,0
8048,0
6900,1
2637,1
5530,1
1495,1
5970,1
9253,0
9177,1
1130,1
7085,1
4045,1
4058,0
1349,1
10105,0
10630,0
3530,0
8433,1
6587,1
3384,0
871,1
1164,1
8568,0
4360,1
2673,1
7473,1
6681,1
1663,1
5540,0
10530,0
4615,1
4863,1
4917,1
7140,0
2323,1
6839,0
826,1
2359,1
4428,0
8255,0
4003,0
2504,1
4146,0
4487,0
2619,1
1974,1
8992,0
6307,1
8932,0
8518,1
5628,0
3752,0
925,1
8272,1
5321,0
7544,1
4625,0
8530,0
7534,1
2413,1
1133,1
4458,0
2967,1
8304,0
6208,1
5433,1
2644,1
4222,1
7306,0
214,1
5272,1
2568,1
9925,0
3193,0
9627,0
2842,1
1193,1
10045,0
1874,1
4485,0
3596,0
2781,1
4669,0
9272,0
9946,0
1567,1
3690,1
4550,0
8942,0
8966,0
10075,0
4290,0
3025,1
10101,1
8336,1
1678,1
1517,1
8829,1
7034,1
6733,1
5469,0
5656,1
10172,0
8938,1
5895,1
10632,0
3114,1
8586,1
352,1
5149,1
4092,0
1852,1
4717,0
8399,1
7219,0
875,1
9120,1
388,1
10734,0
9136,1
354,1
3545,0
1860,1
8035,0
3050,1
5599,1
5629,0
3865,1
8596,0
2289,1
4949,0
10726,1
4442,1
9092,0
8797,0
4748,0
6549,0
2914,1
301,1
2632,1
9600,0
1785,1
5567,0
3319,0
6679,1
9962,1
1483,1
478,1
10870,1
10878,0
134,1
5386,0
2329,1
2073,1
9877,0
5549,0
5619,0
3406,0
2698,1
9474,0
7963,0
424,1
2643,1
5724,0
3900,0
9770,0
6434,1
10272,1
1976,1
4789,0
9549,0
6366,1
10081,0
7012,0
5181,0
4089,1
5946,1
3274,0
3626,1
3829,0
6090,1
140,1
10998,0
5222,0
9882,0
1596,1
6829,1
8382,0
9163,0
3609,0
2836,1
10463,1
10425,1
7155,0
7620,0
4766,1
8533,1
7148,0
1312,1
814,1
6150,1
9676,1
91,1
4681,0
9781,1
7596,0
2364,1
6546,0
3286,0
1903,1
7677,1
9837,0
10532,0
6897,1
2961,1
4535,1
5604,1
10427,1
5397,0
5874,0
9160,1
10775,0
5923,0
5036,0
6403,0
4056,0
5497,0
3566,1
5208,0
2807,1
419,1
9108,1
4969,0
2525,1
1724,1
6654,0
7762,0
1347,1
6120,1
2888,1
2133,1
3615,0
8566,0
3785,0
4858,0
6737,0
10555,0
9842,0
10672,0
3083,1
6759,0
9589,0
6812,1
7756,0
1182,1
429,1
9588,1
8289,1
10859,0
7061,1
6041,1
8337,1
9932,1
1873,1
2295,1
10287,1
831,1
8710,0
5340,0
1146,1
2034,1
3299,1
3673,1
7127,0
9557,0
5393,1
2606,1
5453,0
5608,1
10821,0
9872,0
9184,1
6066,0
2536,1
10055,1
6493,0
8385,1
5070,1
2507,1
798,1
3694,0
7086,0
1649,1
2552,1
3714,0
3176,1
10244,1
10048,0
2603,1
1394,1
1335,1
10087,0
8309,0
9214,1
3941,0
7280,0
1701,1
3408,0
5213,0
395,1
1304,1
2229,1
7391,1
839,1
8156,1
8963,0
3637,1
2322,1
10533,0
7325,0
9496,0
1516,1
9513,0
10360,1
7829,1
7319,0
10390,0
4718,0
5363,1
6830,0
1851,1
7350,1
4312,1
8742,0
5696,1
474,1
2654,1
3578,0
10356,1
8308,0
7364,0
4519,1
1549,1
804,1
8884,1
7240,0
8251,1
6024,0
2532,1
5096,1
535,1
9554,0
4242,0
1001,1
9982,0
4897,0
4097,1
2400,1
6916,1
77,1
1248,1
6381,0
4410,0
8751,0
2710,1
7753,1
9639,0
4732,0
1197,1
83,1
1505,1
755,1
3357,0
10955,1
3291,1
4054,0
10100,0
2484,1
2449,1
2741,1
8487,1
613,1
8390,0
9210,0
2768,1
2216,1
5504,1
4213,0
4738,1
10698,0
5015,0
2010,1
2696,1
10046,1
6700,0
9294,0
7942,1
768,1
6439,1
5415,1
8988,0
9914,1
2283,1
806,1
10767,0
9938,1
4476,0
3971,0
5234,1
4411,1
242,1
8694,0
4834,0
6457,0
2244,1
3348,1
9951,0
6149,0
3072,1
4728,1
10544,0
7495,0
9373,0
4164,0
5623,0
6054,1
8218,0
8358,0
312,1
1789,1
1531,1
454,1
1399,1
7396,1
6230,0
4310,0
9541,0
8338,0
5011,1
3513,0
9708,1
7783,0
2980,1
4706,1
1046,1
9174,0
246,1
3736,0
1381,1
2713,1
4316,1
2123,1
10829,1
4677,0
6423,1
5563,0
1236,1
2902,1
1783,1
2522,1
1899,1
8907,0
10885,0
9540,0
1052,1
7342,0
8851,1
2087,1
4705,1
6656,0
8179,1
541,1
10371,1
490,1
7453,1
10450,1
3743,1
580,1
3664,0
10040,1
8326,1
1643,1
10963,1
7990,0
5127,1
10966,0
6254,1
5951,1
9915,1
6573,1
8662,1
5690,0
7899,1
6447,1
9250,0
9923,1
659,1
10585,0
5403,1
10483,0
5486,1
7369,1
10383,0
4619,0
5835,1
3771,0
8436,0
2374,1
243,1
5782,0
2742,1
2609,1
5499,1
5748,0
414,1
173,1
5103,0
6100,1
7333,1
952,1
9617,0
6957,1
2018,1
9656,1
816,1
7426,0
421,1
5896,0
8335,0
3614,1
4765,1
10404,1
8187,1
1999,1
949,1
5723,1
1940,1
7288,1
6170,0
3332,1
7376,0
3686,1
10682,0
6184,0
6046,0
9564,1
2975,1
7997,1
7301,0
5810,0
6869,1
1293,1
8830,1
4874,1
1553,1
4263,0
4503,0
8614,0
9956,0
10065,0
9396,1
3796,0
4518,0
6349,0
9382,1
8740,1
3164,0
10211,1
10526,0
10482,0
2512,1
7509,0
9680,1
9270,1
4040,0
8178,0
10498,0
8993,1
6578,0
3017,1
8919,1
6489,0
7281,0
9273,0
873,1
3173,0
3883,1
5333,0
175,1
5613,0
7052,1
6748,1
6732,0
3783,0
4570,1
2095,1
4825,0
3535,0
299,1
1406,1
4788,1
6356,1
7327,0
9957,1
4552,1
443,1
10437,0
5796,1
8890,1
4304,1
5501,1
7112,0
6740,1
993,1
4124,0
8180,1
8515,1
1538,1
9935,1
2830,1
8442,0
4996,1
8040,0
688,1
6011,1
10977,0
8123,1
9430,0
9798,0
4429,1
1978,1
163,1
10883,1
265,1
8953,0
7496,0
2676,1
235,1
911,1
2317,1
5924,1
4357,0
769,1
5518,1
1371,1
10257,0
7661,0
1442,1
5828,1
2270,1
1325,1
3448,0
10939,1
594,1
4434,0
7328,0
9583,1
9858,0
6723,0
8046,1
7928,1
5754,0
10899,1
9524,1
2125,1
1554,1
2875,1
8196,1
1400,1
118,1
10411,0
2747,1
6999,0
10860,0
8095,0
8609,0
5224,0
10118,0
8844,0
700,1
4680,0
6299,0
9304,1
4229,0
6820,1
10505,0
3108,1
530,1
2320,1
6385,1
583,1
10159,1
6219,1
1565,1
855,1
9825,1
9544,0
2714,1
2544,1
6673,0
3451,0
2633,1
5446,1
1688,1
10000,0
4504,0
5854,1
8353,0
4087,1
886,1
10448,1
1422,1
10447,0
5773,1
5426,1
1408,1
10752,0
8665,0
7587,0
916,1
9468,0
6458,0
8801,1
6535,0
2828,1
4711,1
7579,0
9316,1
308,1
5972,0
1096,1
5831,0
1733,1
1913,1
9495,1
10215,0
6026,1
3959,1
5342,1
3595,0
430,1
8153,0
3705,1
9114,1
4126,1
3192,0
3660,0
7493,0
8493,0
7074,0
9895,1
4856,0
6807,0
7540,0
8675,0
7094,1
7572,0
6912,0
4085,1
10725,0
1286,1
5210,0
2973,1
9559,0
5018,1
10123,1
1223,1
3928,1
5740,0
9732,0
8239,1
7582,0
8477,0
1532,1
891,1
6688,0
10441,0
3780,1
5384,0
2510,1
2556,1
4352,0
1011,1
3800,1
9426,1
5883,1
3222,1
932,1
1308,1
7559,1
32,1
7719,0
6542,0
6283,1
8772,0
9765,0
861,1
2662,1
3019,1
10430,1
6452,0
10304,0
7392,0
2454,1
5698,1
9233,0
2140,1
10842,1
4320,0
1199,1
9039,0
8039,1
432,1
8732,0
1338,1
5066,0
7517,0
7402,1
10950,0
1943,1
9369,1
2325,1
7137,1
5611,0
9058,0
8445,0
10026,0
10269,0
8949,1
3948,0
10782,1
10495,0
5230,0
4345,0
9232,0
1174,1
4726,0
5129,1
10076,1
6028,0
5081,0
3311,0
4478,0
260,1
5526,1
4408,0
7164,0
1588,1
3510,1
6250,0
5436,1
7704,0
1612,1
7876,1
7610,0
4918,1
866,1
5992,1
2739,1
2515,1
4847,0
79,1
2472,1
6821,0
8106,0
5913,0
606,1
2666,1
9660,1
3668,1
1409,1
5720,1
5137,0
3712,1
5203,1
10795,0
7659,1
4779,1
2292,1
360,1
10331,1
10919,0
4573,1
3897,0
7377,1
10089,0
7104,1
6551,0
5308,0
2414,1
3413,1
715,1
5568,0
5977,0
8213,0
373,1
4855,0
7262,1
7577,0
4902,0
4543,0
10112,0
9126,1
3125,1
1679,1
10840,1
7072,0
9991,1
591,1
558,1
938,1
10377,0
8489,0
2302,1
1680,1
8810,1
5444,0
9976,0
10268,0
5909,1
9124,0
9148,0
6793,0
9959,1
2227,1
7206,0
10520,0
7822,0
6678,1
162,1
5824,1
6382,1
8056,1
3131,1
8122,1
1850,1
8592,1
9729,0
894,1
7818,1
8707,0
4459,1
4916,0
5170,1
1734,1
4153,0
1971,1
486,1
2081,1
6757,1
4842,0
8084,1
7149,0
1346,1
458,1
4151,0
6680,1
7260,1
714,1
139,1
6695,1
3077,1
3320,0
3560,0
2636,1
1474,1
4744,0
8913,0
2023,1
7358,1
7867,1
1128,1
1120,1
7428,1
2946,1
1835,1
6374,1
7654,0
10069,0
2418,1
14,1
6769,0
795,1
3412,1
10315,1
10251,1
2779,1
8043,1
2427,1
10151,0
3234,0
4928,0
9501,0
2501,1
10910,0
6147,0
8488,1
4335,0
2803,1
8087,0
6796,0
6325,0
9685,0
5766,1
7784,0
4006,1
10994,0
7011,0
8418,0
4355,0
8120,0
8303,1
8306,1
3270,0
4262,1
3730,1
4421,1
1908,1
3007,1
2368,1
6051,0
8647,0
10975,0
3444,0
3215,0
3947,1
4510,1
9574,0
4678,0
10496,1
7952,0
5054,1
10160,1
6222,0
6567,1
4978,0
7907,0
8795,0
1561,1
287,1
7823,1
1994,1
2555,1
4991,0
370,1
4281,0
7878,1
2266,1
6752,1
10436,0
6371,0
3722,1
10565,1
9026,0
1239,1
3689,0
5276,1
6441,0
9188,1
8108,0
9444,0
2327,1
6928,0
274,1
4456,0
4661,1
6416,1
411,1
1647,1
10701,0
10083,1
5013,1
5979,1
4824,0
3427,1
7336,0
8610,1
3953,0
4809,0
9436,0
1837,1
9745,0
5182,1
1571,1
7252,1
380,1
10439,1
65,1
5785,1
10762,1
5232,0
4246,0
2868,1
1690,1
7563,1
5314,0
19,1
9381,1
3633,0
679,1
10352,1
2624,1
161,1
9341,0
10378,0
5377,0
3179,0
1210,1
1708,1
3139,0
9172,1
6541,1
3260,1
1482,1
10828,0
6285,0
1809,1
5037,0
5614,1
6033,0
3128,1
4576,1
3224,0
2160,1
4791,0
4376,0
4812,0
2605,1
8952,0
9223,1
6130,0
10995,1
7366,0
8052,0
7227,0
359,1
7331,0
5185,1
614,1
7007,0
6714,1
10444,1
8323,0
6490,1
7635,0
2217,1
4026,1
8852,0
8509,1
6949,0
10987,1
4505,1
6932,1
2314,1
10755,0
1569,1
10273,0
9492,0
10868,1
1447,1
2141,1
5294,1
8674,1
5035,1
1886,1
3515,1
460,1
8726,1
4094,1
3581,0
7043,0
608,1
7669,1
5379,1
1053,1
1313,1
1609,1
9535,0
4653,0
810,1
8223,0
1593,1
2630,1
8027,0
2444,1
527,1
6539,1
10886,1
8748,0
2933,1
10190,0
9709,1
6148,1
8520,0
3107,1
8279,1
6363,0
9476,0
5839,1
921,1
3170,0
8202,0
892,1
8729,0
6886,0
3409,0
7844,1
5296,0
5442,0
4956,1
9658,0
2316,1
3102,1
8846,1
3555,1
5039,0
3287,0
8216,0
10838,0
8960,0
6504,0
8459,1
7988,0
409,1
1413,1
6223,1
4351,0
5153,0
4770,0
6724,0
1527,1
349,1
7470,1
9464,0
4598,0
4999,1
10111,0
2357,1
6962,0
8893,0
5954,1
5713,1
5032,0
7767,1
2834,1
6030,1
405,1
2489,1
8600,0
9954,0
2269,1
2672,1
2271,1
10923,0
6866,0
4245,1
9829,0
531,1
3808,0
10884,1
4175,0
6123,1
856,1
2649,1
7716,1
6825,0
4553,0
3933,0
4810,1
1072,1
5731,0
4940,0
8350,1
2337,1
549,1
1107,1
5306,1
8767,0
2121,1
3361,1
7642,0
191,1
1793,1
3450,1
7948,1
6393,0
4426,1
4496,1
7107,0
5602,0
8282,1
3313,1
7090,0
6873,0
10760,1
7205,1
4005,0
245,1
9494,1
9910,0
9115,1
3082,1
5935,0
10612,0
7192,1
6973,0
7295,0
2411,1
2250,1
566,1
3784,0
6075,0
4139,0
3844,0
3090,1
8898,0
6590,1
3674,0
1737,1
4046,1
4932,1
9075,1
4238,0
10741,1
9367,1
5098,1
239,1
1342,1
7105,1
5269,1
51,1
9417,1
9815,0
213,1
3258,0
2963,1
8257,1
10797,0
6431,0
9412,0
1003,1
7249,0
8935,1
10803,0
5448,1
1070,1
1512,1
7372,0
4514,0
8858,1
4306,0
7962,0
1614,1
9289,0
3297,1
8029,0
7483,0
10384,1
9034,1
5573,0
355,1
3191,0
9791,1
4511,0
8360,0
7722,1
7093,0
1109,1
5249,1
5283,0
30,1
5216,1
7728,1
3721,0
9518,1
3349,0
10576,1
2459,1
5950,0
7693,0
10460,0
5277,0
4872,1
2304,1
1876,1
5928,0
3140,1
6554,0
9819,1
4555,1
5381,1
7076,1
3999,0
10754,0
6021,0
4626,0
2011,1
2394,1
4253,0
9619,0
9052,0
596,1
2476,1
2132,1
9749,0
9463,0
8617,0
4559,0
2119,1
7041,0
1814,1
10837,1
8460,1
5856,1
10777,1
2032,1
5424,1
10223,0
3919,1
4941,1
2112,1
10274,1
5822,1
422,1
9168,0
2139,1
7028,1
7854,1
3461,0
10348,1
8316,1
3230,0
6070,1
2879,1
6479,1
8519,0
4008,1
1932,1
2944,1
10220,1
1721,1
6931,1
2799,1
1725,1
3972,0
8661,1
8468,1
9999,0
2346,1
8044,0
3507,1
5382,0
900,1
8562,1
3430,0
1883,1
4397,1
82,1
1946,1
10477,1
9879,0
4621,1
4366,1
6067,1
3612,1
6442,1
10877,0
5352,1
1576,1
8247,0
643,1
3658,0
5803,0
3011,1
6930,1
9884,0
7532,0
9931,1
1478,1
4079,0
1675,1
3093,1
7315,0
7254,0
1030,1
8563,1
6402,0
9608,0
3778,1
593,1
2692,1
1574,1
1819,1
6527,1
7766,0
2804,1
7701,1
4307,0
297,1
9918,0
636,1
7492,1
10676,1
3924,0
8300,0
2248,1
8760,1
7707,1
9703,1
6073,0
7266,1
4243,0
6270,1
5778,1
10255,0
445,1
1475,1
3263,0
7250,0
7676,0
1810,1
936,1
2228,1
3980,0
5038,1
7296,1
10882,0
3958,0
151,1
8278,1
5282,0
6271,1
6520,1
1904,1
9849,0
6401,0
675,1
2099,1
8182,0
8339,0
1332,1
4865,1
6116,0
5697,1
5380,1
3892,0
4121,0
5385,1
10668,1
8280,0
4165,0
1436,1
6465,1
2528,1
3097,1
8641,1
3223,0
1162,1
6267,1
8088,0
8645,1
4983,0
8071,0
884,1
2623,1
4387,1
10362,0
4943,0
6086,1
5494,1
10288,0
6365,0
2142,1
9950,0
3791,1
3112,1
10521,0
221,1
1639,1
4332,1
6804,0
8110,1
10582,0
348,1
5233,0
9934,0
7796,1
6855,1
3995,1
5751,0
646,1
2859,1
1295,1
2795,1
8792,0
6450,1
8936,0
98,1
3697,1
1823,1
9318,1
3858,1
9227,1
2922,1
10042,0
9654,0
3912,0
6097,1
5417,0
8212,0
1054,1
1160,1
4682,1
7924,1
3685,0
1657,1
7519,0
3734,0
5702,0
8594,1
2149,1
1494,1
4816,1
6701,0
8911,0
5537,0
8587,0
899,1
10979,0
9930,0
893,1
3524,0
4113,1
7859,0
657,1
2758,1
3104,1
6552,0
4926,0
982,1
6674,1
15,1
4772,1
9213,0
8019,1
8657,0
9592,1
95,1
10144,1
2326,1
3178,0
9828,1
7285,0
6260,1
9312,1
4701,1
9900,1
3763,1
7665,0
6627,1
668,1
63,1
3421,1
3911,0
1684,1
7175,0
2208,1
6606,0
522,1
1497,1
6664,0
3775,0
8819,1
10300,0
8832,1
1683,1
10811,0
9132,1
8673,0
2591,1
9751,0
8135,0
9848,0
695,1
7467,1
3823,0
1558,1
6929,1
3386,0
9649,0
10763,0
6163,1
2860,1
3187,0
7111,0
4143,1
803,1
9843,1
5357,1
518,1
5084,0
8244,1
1938,1
4465,1
5877,0
4059,1
6662,0
4136,0
9756,1
7811,1
6767,0
1382,1
261,1
8581,0
10060,1
3401,0
4233,0
8348,1
8934,0
4731,0
1910,1
6784,1
4014,0
5095,0
2877,1
10962,0
10446,1
4645,1
156,1
6020,0
3871,1
7430,0
136,1
6942,0
9159,1
3639,0
10655,1
10143,0
480,1
546,1
317,1
9186,1
9943,1
3745,0
6125,1
9504,1
7340,1
876,1
3836,0
3820,0
6867,0
1451,1
4261,0
10326,0
5960,1
994,1
2045,1
6235,1
10827,0
6111,1
4905,0
451,1
680,1
3825,0
3227,1
1582,1
6351,0
9350,1
10861,1
7307,1
2162,1
4300,0
9150,1
4697,1
2331,1
2166,1
138,1
5588,0
10121,0
8319,1
3281,1
4396,1
2773,1
7926,1
1021,1
2953,1
4195,0
1145,1
2861,1
9314,0
4914,1
1414,1
2138,1
6977,1
4985,1
2500,1
7857,1
7788,1
2783,1
9599,1
2084,1
10328,0
4557,0
5304,0
4891,0
2188,1
1880,1
9744,1
5246,0
9076,1
5792,1
6368,0
10937,1
2365,1
2435,1
10473,0
8260,0
9135,1
1509,1
3506,0
16,1
2478,1
1103,1
7287,1
5389,0
9407,1
9399,0
2114,1
4371,0
6388,0
7597,1
2286,1
9632,1
8230,1
10166,0
8118,1
918,1
2293,1
4577,0
1232,1
2042,1
4881,1
796,1
9983,1
8163,0
2627,1
6685,1
10103,0
5107,1
9257,0
210,1
8964,0
8731,1
8937,0
236,1
10189,0
9626,0
9906,1
7557,1
7996,0
9398,1
4031,0
5219,1
6143,0
2198,1
3917,1
6779,1
3479,1
7480,0
4024,0
859,1
8853,0
1036,1
1254,1
8028,1
6279,1
5571,0
641,1
1773,1
10513,1
331,1
4533,0
906,1
4707,0
10673,0
10102,0
6129,0
1062,1
1165,1
1787,1
9576,1
8783,1
2001,1
6245,0
6209,1
3540,0
8496,1
7409,0
167,1
4757,1
1624,1
6854,0
4295,0
10952,0
4241,1
1204,1
970,1
8955,0
8366,1
1713,1
2443,1
2592,1
10896,1
9008,0
8183,1
10820,1
3067,1
1141,1
1548,1
10909,1
282,1
4424,1
4861,0
5073,0
165,1
2246,1
5768,1
10867,1
10041,0
7920,1
10912,0
6971,1
8741,0
1280,1
2670,1
7779,1
8404,0
10600,0
1827,1
7994,0
1083,1
9497,0
2438,1
1489,1
2186,1
6913,1
10705,0
7067,0
8640,0
5900,0
1429,1
9389,1
233,1
10489,1
9301,0
4417,0
8774,0
8824,0
10066,1
7144,1
7478,1
6,1
4815,0
4908,1
997,1
4558,1
7199,1
10984,1
1317,1
10506,0
10957,0
7536,0
1808,1
521,1
5625,1
1977,1
3573,1
8198,0
10174,1
2639,1
5869,0
4797,1
6716,1
6428,1
6249,0
2487,1
4441,0
3038,1
4409,0
6861,1
2712,1
10748,0
6739,0
540,1
6775,1
7103,0
8635,0
4563,1
7881,0
6967,1
4760,0
180,1
9731,1
5610,1
1652,1
1431,1
2865,1
4173,1
4331,1
10031,1
8292,0
2193,1
9545,0
3467,1
6484,0
1685,1
7121,0
9800,0
4002,0
2516,1
5358,1
6463,0
2176,1
8579,0
2375,1
7405,1
2483,1
2584,1
9857,0
9713,0
1097,1
7221,0
8616,0
7861,0
8505,0
4844,1
7639,0
7713,0
7269,0
6445,1
8428,0
5648,1
3028,1
8102,1
5273,0
6647,1
776,1
5072,0
7916,0
7795,0
10468,0
9750,0
9397,0
10645,1
6991,0
10018,0
5356,0
7136,0
2867,1
1644,1
7751,1
5745,0
4751,1
9156,1
3280,0
7551,1
3881,0
3623,1
6139,1
8786,0
3978,1
7159,0
6113,1
8036,1
3284,0
3023,1
5440,0
6604,1
5069,0
10227,1
4088,0
10623,1
10038,1
2057,1
290,1
7769,1
8984,0
4500,0
5808,0
1800,1
7714,0
5237,0
6753,1
9394,1
2209,1
9692,1
3006,1
7583,1
3604,0
4380,0
10871,1
1601,1
4859,1
3684,1
8882,1
464,1
4256,1
4818,0
3563,0
6944,1
883,1
2451,1
9378,1
7422,0
442,1
6059,0
7048,1
3253,1
4373,1
1276,1
10534,0
3370,0
1633,1
5206,1
5062,0
6703,0
980,1
847,1
6470,0
6771,0
8288,1
3372,0
9568,1
7947,1
10440,1
207,1
4393,1
10239,1
2031,1
4266,1
10247,1
5301,0
5569,1
9945,1
6155,0
1466,1
1402,1
6553,0
3519,1
3962,1
7505,1
1990,1
4968,1
8720,1
10002,0
547,1
10784,1
5244,1
5280,1
8403,0
2923,1
1536,1
8761,0
1176,1
10941,0
6766,1
9084,1
7750,0
663,1
3624,0
10903,0
7691,0
4268,0
864,1
1277,1
8359,0
2908,1
461,1
8877,0
8972,1
6634,1
623,1
3138,0
9637,1
9240,1
9579,1
9542,0
7270,1
9885,0
9753,1
9243,0
3344,0
6071,1
7142,0
9642,1
6142,0
2685,1
5645,1
6907,1
3218,1
10890,0
1764,1
4864,0
5855,0
1306,1
1020,1
244,1
1192,1
3137,0
1044,1
3293,0
8502,0
8374,0
10954,1
2126,1
6040,0
1559,1
10266,0
8612,1
10989,0
8500,1
4325,1
5624,0
4099,0
482,1
5618,0
2387,1
1796,1
9870,1
2046,1
9489,0
7498,0
9643,0
7181,1
6323,0
4672,1
262,1
6159,0
9231,0
8298,1
1040,1
3628,0
8321,1
4483,0
9365,0
929,1
5572,0
2105,1
6920,1
6706,0
5225,0
1521,1
491,1
4668,0
739,1
4061,0
1859,1
2287,1
7527,0
9919,1
4493,0
8849,0
9485,0
5044,1
3400,1
7434,1
9071,0
7699,1
5684,0
5577,1
5919,0
8287,1
8296,0
1366,1
1648,1
8034,1
7522,1
10135,1
6151,1
9762,0
4502,0
3030,1
7575,1
2381,1
986,1
7872,1
2688,1
5042,0
9757,1
1712,1
5370,0
877,1
4001,1
2224,1
7385,1
7167,0
2122,1
2247,1
7243,0
5193,1
6339,0
10724,1
6770,1
8294,0
8975,1
6972,1
8497,0
4090,1
9771,0
3548,1
3368,0
9246,1
8542,0
581,1
2340,1
2307,1
3757,0
8868,1
10670,0
8770,0
2318,1
896,1
3302,1
924,1
3404,1
2769,1
8687,0
10702,0
303,1
9077,0
686,1
673,1
976,1
502,1
5058,0
10445,0
6638,1
3693,1
1881,1
9662,1
1271,1
538,1
2226,1
8948,0
5709,0
2417,1
4251,1
10835,0
10455,1
92,1
10093,0
6210,1
2806,1
9351,0
10596,0
7208,0
2306,1
2665,1
3484,0
1623,1
5867,1
3831,1
3683,1
3469,1
6002,1
4927,0
3036,1
4425,0
4247,1
5108,1
6152,0
6781,0
852,1
4004,0
10866,0
718,1
9577,0
6667,1
6023,0
4794,1
73,1
10322,1
3331,0
579,1
6864,0
9913,0
5178,0
666,1
7189,0
3190,1
9817,1
5779,0
3756,0
2242,1
7183,1
3059,1
9428,0
10169,0
870,1
9151,0
7393,1
2857,1
3874,1
9377,0
4193,0
4011,0
8369,1
10857,1
6529,0
3622,0
4821,1
4756,0
9295,0
8104,0
7077,1
5271,0
7800,1
9867,1
905,1
10164,0
5395,0
2191,1
8342,0
4683,1
10907,1
10696,1
687,1
3758,1
10716,0
7177,1
1010,1
9281,0
3216,0
10988,1
10918,0
5840,1
3323,1
6607,1
6282,1
5876,1
10320,1
1139,1
9747,0
1410,1
2511,1
6288,0
6246,1
398,1
9248,1
4069,1
9550,0
1289,1
10948,0
9143,0
7032,0
5068,0
4698,0
6119,1
3043,1
9854,0
10125,0
634,1
5017,1
8660,0
4887,0
6614,1
1016,1
2274,1
1878,1
3925,1
2942,1
10581,0
7513,1
9238,1
5055,1
9990,0
621,1
9173,1
5741,1
9671,0
2988,1
494,1
5171,1
7798,0
5443,0
942,1
4277,0
9313,0
10853,1
8128,1
6923,1
6593,0
9981,1
4948,0
7791,0
3923,0
10858,1
10793,1
1606,1
7106,0
7408,0
9149,0
9698,0
1660,1
8745,0
6315,0
9121,0
1392,1
1082,1
6853,1
7324,0
7169,1
3571,1
3252,1
1224,1
8850,0
6648,1
10887,0
2305,1
5616,0
2540,1
2822,1
1696,1
7161,1
5317,0
723,1
2221,1
8471,0
913,1
7955,1
1393,1
7746,1
5692,0
1722,1
9569,1
3411,1
7215,1
4377,1
6564,0
9448,1
5870,0
9835,0
9323,0
4565,0
6506,0
10982,0
5832,1
3592,0
3062,1
5639,0
5718,1
3772,0
2978,1
828,1
7316,0
1691,1
7497,0
2581,1
8277,0
10693,0
6842,1
10648,1
4012,1
3638,1
8419,1
10908,1
5580,1
7902,1
5597,0
9391,0
2677,1
10529,0
7394,0
10639,0
8681,1
10695,1
3239,1
6710,1
10567,0
6355,0
10553,0
89,1
8037,1
5290,0
6635,0
5641,0
7119,0
575,1
6797,1
9618,1
2299,1
302,1
7850,0
1314,1
8808,0
7502,1
4971,0
2150,1
7518,1
3666,1
6329,1
5175,0
8511,0
6609,0
8021,0
10230,1
4394,0
10126,1
7170,0
3347,0
8639,1
8080,0
1775,1
9296,0
2383,1
1309,1
6545,1
2582,1
80,1
10900,0
1460,1
7152,1
5585,0
2108,1
10804,0
5561,1
5286,0
4445,1
10951,1
3541,0
2015,1
4453,0
10689,0
5410,1
321,1
10599,0
5211,0
7567,1
10333,1
6486,0
6391,1
7549,1
4082,0
9647,0
8926,0
3504,0
2983,1
7185,1
4398,0
2460,1
9609,0
8632,1
2089,1
55,1
4484,1
7256,0
7786,0
9081,1
887,1
6427,0
5890,0
6591,1
9969,0
4525,0
2838,1
5297,1
6608,0
8927,0
5346,1
7720,0
8049,1
603,1
5947,0
3974,1
4964,1
2260,1
7468,1
8099,0
4820,1
3960,1
5489,1
4016,1
6353,0
1087,1
5916,1
8523,0
5364,0
2230,1
9129,0
57,1
8341,0
10419,1
8225,1
4614,0
10981,1
6783,1
6346,1
3475,0
2200,1
6406,0
1336,1
4131,0
559,1
7655,1
2726,1
857,1
9199,1
2210,1
3454,1
10876,0
6622,1
8157,0
7037,0
2748,1
3456,0
202,1
6742,0
9228,0
7232,1
6736,1
10502,0
4000,0
2613,1
2481,1
7354,0
10677,1
2341,1
3132,1
9256,1
1225,1
10138,1
2566,1
7001,1
2319,1
10945,0
3236,1
3934,1
7188,1
2366,1
1137,1
984,1
7018,0
5255,0
78,1
4132,1
5994,1
550,1
5243,0
5128,0
7191,1
3269,1
8929,1
8396,1
9241,0
7973,0
4512,0
1456,1
1695,1
9403,0
6640,0
7889,0
2681,1
10644,0
5477,1
3096,1
4829,0
9307,0
1450,1
1077,1
3443,0
8055,0
5815,1
5762,1
5019,0
4843,1
3146,0
8689,0
2829,1
6646,0
775,1
9194,0
9358,1
2969,1
9134,0
5060,0
7664,0
6899,1
7476,1
3877,0
10517,0
3687,0
5429,0
9290,0
7592,0
2881,1
6274,0
6555,0
1202,1
2785,1
2036,1
8549,0
2885,1
846,1
9827,0
3463,0
620,1
2655,1
9078,0
5412,1
9712,1
1444,1
10621,1
4793,0
8899,1
1805,1
9067,1
1709,1
10961,0
2658,1
8780,1
4915,0
1841,1
4112,0
10573,0
5462,1
9580,1
3753,0
3533,1
10052,1
4435,0
7353,0
7351,0
6213,1
7312,1
9631,1
7222,0
3201,0
801,1
8201,0
4951,0
1862,1
9146,1
7860,1
10332,0
7633,1
3389,1
7832,1
8601,0
4898,0
7772,0
2631,1
7908,0
7271,0
7321,1
10750,1
8228,1
3908,1
9193,1
3054,1
281,1
6220,1
4628,0
8270,1
9797,0
862,1
117,1
6475,0
1208,1
7382,1
7944,1
5187,0
318,1
720,1
8933,0
4009,0
5587,0
8564,0
2558,1
4716,0
3902,1
2553,1
10036,0
3395,1
267,1
10469,1
6302,0
300,1
10345,1
880,1
2910,1
105,1
10395,1
4884,1
9875,1
6510,0
7229,0
337,1
10305,0
7082,0
8002,1
7638,0
3209,0
4786,0
10145,0
3789,0
8535,1
252,1
4149,0
1905,1
7843,1
8077,1
2441,1
3162,0
7979,1
624,1
3205,0
3886,0
2388,1
1230,1
9297,0
4221,0
6350,0
2982,1
3737,0
601,1
1777,1
2809,1
10964,1
8599,0
548,1
8311,0
8160,0
3770,0
7615,1
5099,1
2611,1
8224,0
5996,0
1900,1
5689,0
9001,0
9011,1
4237,1
6425,0
10490,0
7612,0
4832,1
8683,0
5322,1
5783,0
9372,0
5915,0
8691,0
7790,0
6709,1
9332,0
9612,0
753,1
10421,0
3035,1
9456,1
5664,0
9961,0
2574,1
6243,0
2415,1
2764,1
1756,1
7970,0
3283,0
8721,0
2756,1
5865,0
5789,1
3339,1
3711,0
519,1
2998,1
6644,0
7274,1
4946,0
1123,1
1715,1
9258,1
9719,1
5927,0
961,1
3376,1
7433,1
10826,1
5594,0
9807,0
2165,1
4800,0
8356,0
8979,1
618,1
3453,0
1305,1
10299,0
399,1
5944,0
6777,0
3103,1
326,1
1352,1
3300,0
8651,1
2821,1
2494,1
4923,1
3600,1
1438,1
4472,1
6010,1
1622,1
5416,1
948,1
1033,1
2931,1
8302,0
3802,0
3716,1
3092,1
378,1
5509,1
778,1
800,1
6161,0
9024,1
1228,1
9534,0
2873,1
7158,0
9795,0
5755,1
696,1
3764,1
9007,1
3514,1
8847,0
6091,1
5866,1
4255,1
8351,1
8242,0
3477,0
2547,1
5369,1
8546,1
1388,1
45,1
6214,1
2954,1
8686,0
10881,0
6281,0
836,1
2925,1
8138,1
1387,1
989,1
5891,0
3759,1
1014,1
4513,1
2554,1
1765,1
6482,0
629,1
7865,1
8063,0
670,1
10761,1
1774,1
295,1
9921,1
3746,0
4232,1
6121,0
404,1
1583,1
1968,1
2404,1
3385,0
198,1
3570,0
2421,1
8283,0
6205,1
7091,1
5556,0
1546,1
8457,1
9013,0
61,1
158,1
231,1
7251,0
7780,1
2067,1
387,1
4289,0
9201,1
8625,0
4987,1
3704,1
8537,0
6241,0
4342,0
7971,0
1404,1
4658,1
4361,1
9454,0
4950,1
7070,1
1897,1
1528,1
1923,1
809,1
7024,1
2005,1
6712,1
5079,1
9517,0
3301,0
8031,1
1281,1
5115,1
2376,1
6375,0
4028,0
70,1
3022,1
9591,0
4595,1
515,1
10608,0
3337,0
5464,0
1480,1
6414,0
10577,0
574,1
5498,1
6904,1
353,1
557,1
3870,0
5209,0
9834,0
3373,1
10188,0
9766,0
6872,1
6910,0
3850,1
6858,1
5335,0
5166,0
6543,1
4321,0
2770,1
1470,1
72,1
4191,1
7463,1
3295,1
3599,1
10104,0
8697,1
3374,0
8203,0
6847,1
125,1
6080,0
6206,1
3199,0
1136,1
5252,1
5408,1
3748,0
7311,0
10609,0
5078,0
10854,0
6926,0
9552,0
2599,1
1972,1
3172,1
10758,0
143,1
4871,0
6936,0
8900,0
4127,1
255,1
8925,0
379,1
1646,1
5860,1
9221,1
1138,1
8091,0
1807,1
8406,0
1294,1
6686,1
8534,1
9634,0
5682,0
2111,1
3308,0
10398,1
10399,1
3004,1
4460,0
7929,1
7651,1
1430,1
6683,0
2999,1
4878,1
992,1
2263,1
9705,0
3468,0
9920,1
5367,0
6396,1
8834,1
1969,1
6937,1
5086,0
3918,0
9133,0
2130,1
1425,1
1262,1
10765,1
4473,1
1513,1
5431,0
8558,0
5130,1
107,1
3186,0
3149,1
3086,1
2589,1
10293,0
9267,0
6979,1
2964,1
5892,0
5903,1
1080,1
1013,1
332,1
6269,1
9330,0
8415,1
2863,1
4671,0
9769,1
6497,0
9799,0
9823,0
1752,1
1941,1
9598,0
8685,1
6838,1
7166,1
10011,1
2849,1
1744,1
7937,0
39,1
6974,0
5612,1
8630,1
3163,0
508,1
9118,0
1066,1
1914,1
7874,0
2495,1
4792,1
1285,1
7338,0
1037,1
10519,0
1012,1
152,1
1665,1
9180,1
817,1
10990,0
5721,0
5823,0
5021,0
6548,0
1934,1
123,1
374,1
9460,1
9575,1
24,1
6922,0
6898,1
9107,0
8903,1
417,1
1439,1
8191,1
5169,0
224,1
10044,0
10357,0
10238,0
1534,1
5025,0
8373,0
5077,0
4363,0
1449,1
2144,1
5786,1
279,1
1503,1
6794,0
8256,0
4631,0
7178,0
572,1
8367,0
9252,0
6296,0
5966,0
9665,0
5681,0
6136,1
3024,1
10423,0
3080,1
372,1
3635,0
923,1
6197,1
8828,0
7561,1
9020,0
8983,0
4814,0
6840,0
4624,1
7397,0
10717,0
5202,1
1753,1
10626,0
653,1
4538,1
7456,0
6418,0
7474,1
9421,1
6540,0
4720,0
5496,1
4347,0
10325,1
6047,0
4384,0
576,1
640,1
2610,1
9922,0
7537,1
9085,0
6025,1
4381,1
4274,0
1135,1
4033,0
53,1
2641,1
7337,0
4167,0
3837,0
6289,0
7399,0
6768,0
4068,0
10806,0
3121,1
7904,0
9122,0
9087,0
9285,1
6876,1
10562,1
3271,0
2816,1
2715,1
3816,1
2447,1
4291,1
3969,1
452,1
2143,1
8235,0
10097,0
4727,1
7743,1
8611,1
9625,1
1344,1
9782,1
10387,1
4422,1
3950,0
6511,0
5662,0
3177,1
6105,1
8152,1
6727,1
9244,1
10568,0
390,1
3420,1
2118,1
1877,1
2800,1
10142,1
1674,1
7879,0
3343,1
5710,1
8452,1
1872,1
3009,1
9629,1
9031,1
9813,0
8267,0
3478,0
5476,0
7594,0
9109,0
5961,1
2780,1
2062,1
9254,0
8510,0
3396,0
10616,0
9363,0
10875,1
5725,1
9607,0
2897,1
4102,0
10256,1
3042,1
7339,0
5076,0
3610,1
2968,1
7712,0
8232,0
10067,0
10558,0
4532,0
8940,1
7841,0
9291,1
3383,1
1351,1
4267,0
3640,0
2363,1
8914,1
177,1
9615,1
2959,1
9422,0
9585,1
9298,0
2550,1
5680,0
9570,1
735,1
8812,0
5102,0
6947,0
9980,1
5250,0
8061,0
7370,0
6221,1
7949,0
3305,0
9646,0
9404,1
5067,0
6042,0
2604,1
754,1
496,1
10697,0
10092,0
6765,1
10137,1
5811,1
7432,0
10236,0
475,1
8803,1
10628,0
5593,0
7999,1
10231,1
3312,0
7819,1
10756,0
8804,0
3861,1
400,1
1832,1
2231,1
9420,0
8281,1
3795,0
8769,0
7755,1
2342,1
2100,1
1738,1
7349,1
3487,1
10233,1
9091,0
10976,0
4461,0
3707,0
9063,0
3340,0
3527,0
10794,0
8387,1
2072,1
9053,1
3196,1
10891,1
1879,1
8991,1
9821,1
1762,1
122,1
9125,0
516,1
10072,0
1359,1
8642,1
10606,1
9851,1
5844,1
962,1
9929,0
4594,1
7869,0
7648,0
8105,0
9449,1
658,1
10165,0
10008,1
710,1
3010,1
2056,1
2324,1
382,1
8033,1
5425,1
8000,1
5402,1
154,1
4892,0
7247,0
9876,0
4566,1
5760,0
5155,1
3521,1
10543,0
10991,0
10393,1
8186,0
412,1
6392,0
3611,1
3653,0
4719,0
3118,1
6258,0
84,1
6856,1
4909,1
9157,1
7765,1
5799,0
10783,1
8698,0
4337,0
10147,1
10571,0
2195,1
2730,1
2620,1
4214,1
683,1
6828,0
9669,0
10501,1
8310,1
5590,0
1211,1
725,1
1233,1
5851,1
10010,1
6195,0
3099,1
7853,0
4582,0
201,1
1844,1
6278,1
6868,1
4029,1
3,1
7718,0
4710,0
109,1
270,1
10597,1
4665,1
6917,0
988,1
6875,0
3494,0
9309,1
10043,1
9727,1
5495,0
2621,1
5111,1
4128,0
8357,1
2372,1
336,1
3773,1
9543,0
9,1
10974,0
3044,1
1327,1
10133,0
375,1
4443,0
5264,1
3667,1
8291,0
1420,1
4114,1
3589,0
8771,1
8320,1
3806,0
5507,1
10341,1
8928,0
898,1
2,1
4231,1
10549,1
1269,1
9896,0
9661,0
6865,0
5251,0
3910,0
2974,1
6203,1
1310,1
4216,1
6915,0
3351,0
8127,0
3904,0
7314,0
10850,1
6570,1
4303,0
415,1
9911,0
8129,1
3197,0
211,1
6454,0
4265,0
8136,0
9960,0
595,1
6751,1
983,1
2101,1
10735,0
8722,0
7852,1
234,1
7209,0
2096,1
9208,0
1953,1
3940,0
9863,0
5674,0
578,1
6722,0
9338,1
8747,0
7934,1
5981,0
10888,1
499,1
10983,1
1166,1
10116,0
6550,1
10703,0
5284,1
9155,1
3719,1
8397,0
8784,0
9196,0
2689,1
542,1
7461,1
9022,0
328,1
7102,1
7717,1
6954,0
62,1
6810,0
1597,1
6379,0
7134,0
954,1
7619,1
1445,1
8150,1
3322,0
7632,0
8495,0
10972,0
9263,0
2656,1
9722,1
662,1
205,1
1341,1
7747,0
3942,1
5033,0
286,1
7580,0
1566,1
6342,1
1711,1
4574,0
7420,1
2245,1
5880,0
6871,0
691,1
7128,1
3392,1
2738,1
6377,1
6933,1
2707,1
2190,1
9431,1
738,1
1041,1
2814,1
2353,1
6049,0
6523,0
5478,1
6114,1
3397,0
10768,0
1319,1
4587,0
7049,0
7129,0
2184,1
4412,0
9030,0
5097,1
6997,0
9810,1
5106,1
3724,1
10403,0
5878,1
3048,1
4674,1
7406,0
8624,0
5159,0
269,1
4880,1
8821,0
8,1
6287,0
2174,1
6192,0
6890,1
1917,1
368,1
7388,0
2659,1
5104,1
5515,0
6717,1
1605,1
10949,1
8918,0
5050,1
7180,0
10372,0
8010,0
9119,1
397,1
9806,0
8185,1
5687,1
6477,0
1772,1
4093,1
10472,0
2590,1
3194,1
8067,1
5,1
1811,1
3452,1
2579,1
1047,1
6291,0
3699,0
3988,1
9844,0
6104,0
9894,1
1919,1
4663,1
7840,0
5083,1
9553,0
5885,0
850,1
6731,0
2701,1
6146,0
1702,1
3991,0
7213,1
4930,1
2706,1
1157,1
10583,1
1472,1
9841,1
3391,1
4629,0
1167,1
4545,0
10889,0
3717,1
367,1
9057,0
7098,1
3976,1
8871,0
6301,1
4652,0
1979,1
381,1
5821,0
3148,0
7946,0
8388,1
6013,0
9947,1
9871,0
890,1
5952,1
10197,0
5008,0
9408,0
6007,1
8885,0
5672,1
645,1
5708,0
7922,0
1504,1
2913,1
10263,1
6376,1
7816,0
2916,1
449,1
6632,0
6980,1
6689,0
5020,0
4227,0
2430,1
10654,1
5888,0
275,1
48,1
1161,1
3474,0
9025,1
5374,1
7345,0
8467,1
8448,1
358,1
777,1
10683,0
7275,0
447,1
9927,1
21,1
5451,1
6905,0
10289,0
4755,1
2851,1
9696,1
2278,1
4935,1
4714,0
8565,1
10479,0
2496,1
9443,0
8195,0
10980,1
6782,1
8184,0
6580,0
189,1
5421,1
7132,1
5258,0
6833,0
10930,0
4635,0
3951,0
9060,1
1854,1
6501,0
5519,0
2241,1
2252,1
4734,0
5120,0
5404,1
9967,0
869,1
3000,1
2862,1
3310,0
9287,1
6056,0
8414,1
9280,0
2371,1
2926,1
3718,0
2358,1
9787,0
10614,1
7835,1
1415,1
6319,0
1321,1
2168,1
6144,0
1108,1
7429,0
6074,1
7939,0
1892,1
4198,0
3410,0
2030,1
3554,0
8297,1
1099,1
2951,1
4867,1
4470,1
1798,1
5712,0
7748,1
315,1
8788,0
10535,0
7886,0
5475,0
5009,1
7950,0
5023,0
7062,0
1627,1
2601,1
5524,0
6446,1
4799,1
7277,1
8922,0
2940,1
8572,0
8485,1
9012,0
2960,1
8079,1
6409,1
6216,0
5732,1
5505,0
6675,1
4108,1
10738,0
5398,0
2763,1
10246,1
9264,1
8402,0
6943,0
8125,0
9322,1
5414,0
4523,1
6802,0
597,1
6201,0
1234,1
10119,0
141,1
8996,0
3794,0
1084,1
8169,0
4370,1
8551,0
7035,1
8284,0
10339,1
93,1
9965,0
1866,1
4189,1
7475,0
4025,0
10913,1
7135,1
3801,1
5371,0
4497,0
4140,1
5812,1
8794,0
7686,1
2237,1
9953,1
4349,0
6836,0
10512,1
5261,1
1995,1
7569,1
9315,1
10186,1
3812,0
228,1
4060,0
1658,1
1492,1
9529,1
2151,1
5997,1
7030,0
3228,0
10462,0
7318,1
5683,1
6467,1
3405,0
1662,1
8570,1
2832,1
5626,1
6232,1
10024,1
3350,0
1640,1
8785,1
4850,0
4285,0
6831,0
5214,1
10808,0
9017,1
3160,0
6107,0
5539,1
2690,1
955,1
7866,0
10593,1
10634,1
8831,1
2442,1
5910,0
4873,0
747,1
10993,0
7827,0
3645,0
10301,1
4190,0
2724,1
2492,1
7887,1
2749,1
3532,1
882,1
6661,0
10319,0
7864,1
4219,0
4840,1
9380,0
5292,1
770,1
8843,1
6331,1
8856,0
5506,1
155,1
5875,1
2903,1
9158,1
18,1
7586,1
7317,1
2077,1
5160,0
3341,1
5090,0
10343,1
1741,1
2134,1
9675,0
8211,0
7603,0
1909,1
8531,0
523,1
2874,1
8973,0
3088,1
6462,0
5114,0
2774,1
9566,0
10522,0
8525,0
3167,0
9110,1
2777,1
4032,0
8261,1
8463,0
322,1
188,1
4875,0
7223,0
5547,1
8070,0
2344,1
3537,1
9893,0
9222,1
4806,1
3156,1
7139,0
10601,0
4197,0
6534,1
6758,0
9640,1
7975,0
3536,0
5074,1
4554,1
4753,0
8822,0
179,1
964,1
7727,0
1396,1
5937,1
3769,1
4170,1
7248,0
4179,0
9794,1
7688,0
5730,0
4890,1
9452,0
6044,1
6004,0
8074,0
3220,0
10785,0
2586,1
4378,0
3502,0
2154,1
560,1
8638,0
4334,0
5752,0
9361,1
5514,0
4849,0
4913,1
7674,0
10563,0
8078,1
1928,1
8245,0
5646,0
6498,0
7073,0
10904,1
361,1
3568,1
8826,1
5052,1
5110,0
2950,1
1918,1
176,1
5471,1
5558,0
8787,1
9486,1
3630,0
212,1
2746,1
3838,1
3885,1
8200,1
5449,1
10802,1
3335,0
633,1
1843,1
8420,0
1716,1
2386,1
9796,1
8603,0
6157,0
3556,0
4348,0
2593,1
5434,0
1184,1
10355,0
3856,0
1485,1
1143,1
3492,0
196,1
4168,0
2576,1
10906,1
9597,1
3811,1
9292,1
5028,0
6645,0
6168,1
8538,1
9780,1
1156,1
3243,1
4551,1
10375,0
8989,1
215,1
1667,1
592,1
8012,0
5871,1
9942,0
7057,0
6636,0
2824,1
7272,0
8145,0
3903,0
6361,1
7953,0
1384,1
6181,1
1417,1
6407,1
9282,0
707,1
4154,0
3662,0
8177,1
713,1
8944,1
10443,1
8332,0
693,1
4542,0
2943,1
7604,1
7760,1
2477,1
433,1
2791,1
1152,1
1094,1
1481,1
10629,0
1126,1
4367,0
996,1
7308,0
3168,1
1311,1
5609,1
6328,0
1812,1
2936,1
10719,1
7547,1
3180,0
10537,1
698,1
6336,0
10208,0
9144,0
3455,1
1957,1
6959,0
111,1
2754,1
4368,0
8906,1
7877,1
10416,1
10424,1
4970,0
5293,0
563,1
2458,1
4708,0
605,1
6162,0
7195,1
7029,0
5459,0
1433,1
1278,1
8667,0
9311,0
4931,0
10201,1
1747,1
3285,1
4584,1
4684,0
9014,0
9653,0
5975,0
1486,1
6629,0
9802,1
4235,1
1543,1
9266,1
410,1
5596,1
3214,1
9506,0
1857,1
6914,1
7608,0
8650,1
8584,1
7003,1
1541,1
7552,0
1361,1
497,1
7657,1
9528,1
4529,0
2854,1
1076,1
200,1
3559,0
6754,1
604,1
8513,1
4018,1
2068,1
7554,1
7244,0
2054,1
7414,1
2219,1
5746,0
2618,1
4990,0
8550,1
3549,1
5134,1
5065,0
7678,0
9040,0
438,1
5894,1
5091,1
2912,1
1761,1
3692,1
7488,1
1506,1
3749,1
3787,0
6057,0
3584,0
3644,1
7265,1
2259,1
9933,1
9200,1
4437,0
2976,1
1653,1
10212,1
1631,1
5693,0
7481,1
8271,1
7203,0
6153,0
2955,1
4569,0
10382,0
6421,0
3353,1
8504,1
3336,1
4395,1
10823,0
66,1
1885,1
8618,0
2321,1
1682,1
6240,1
730,1
1980,1
1004,1
3226,1
3315,0
3678,1
2575,1
8508,1
5338,0
1635,1
9472,0
6455,1
10336,0
1960,1
10091,1
3432,0
5488,0
50,1
9049,0
7013,0
1595,1
8124,0
7427,0
7065,0
7558,0
135,1
3955,0
792,1
2570,1
3882,0
9334,0
2663,1
1339,1
183,1
863,1
7733,0
3732,1
3709,0
9028,0
3105,1
8192,0
10664,0
4900,1
5168,0
9370,1
7584,0
8274,1
968,1
3181,1
4322,1
22,1
835,1
5347,0
2614,1
10796,0
2680,1
7156,1
9855,1
8380,1
5288,1
10809,1
5472,0
9205,0
10308,0
2048,1
5933,0
8622,1
10559,1
1911,1
6322,1
5122,1
9432,1
456,1
2509,1
5113,1
9510,0
2893,1
10686,0
5270,1
10009,1
218,1
2519,1
5295,0
3066,1
8995,1
2808,1
7284,0
7335,1
2092,1
223,1
3436,0
7702,0
7782,1
7828,0
10699,1
1464,1
3755,1
4294,1
8005,1
4284,1
4613,0
8807,0
1795,1
3512,0
8016,0
10542,1
9388,0
2171,1
8064,0
2679,1
1055,1
8709,1
8528,0
6582,1
8173,0
10687,0
5678,0
9469,0
9211,1
6692,0
10680,0
10484,0
991,1
3485,0
10224,0
4271,1
4975,0
8887,0
4544,1
7457,1
3267,0
1171,1
2256,1
6191,0
6140,0
10225,0
6072,0
7820,0
9874,0
4644,0
5557,1
5906,0
8494,1
4517,0
3603,1
3509,1
9327,0
1168,1
3219,1
8602,1
9268,0
5538,1
10117,1
6481,0
4998,1
7292,0
766,1
5771,0
7060,0
7196,0
10649,0
781,1
9778,1
4287,1
10406,0
6372,1
10914,1
4601,1
2169,1
2827,1
4388,0
8620,0
2691,1
10124,0
9832,0
9752,0
631,1
2367,1
2355,1
5905,1
341,1
222,1
7573,1
7079,0
5657,0
9467,0
8866,0
4657,1
8258,0
3231,1
10001,0
5898,0
2272,1
2989,1
10792,1
7352,1
5348,0
1434,1
8859,1
10622,1
9154,0
10704,1
5955,0
9491,0
9755,1
1933,1
7972,0
599,1
3356,1
1045,1
2431,1
8478,0
3617,0
1751,1
9650,1
2467,1
8082,1
9089,1
7898,0
4405,1
8653,0
7225,0
4515,1
6841,0
1952,1
4039,0
4739,1
4516,1
587,1
6862,0
6094,0
10578,1
2700,1
4244,0
4764,0
5454,0
6053,0
9830,1
7401,0
346,1
2452,1
1369,1
3547,1
5829,1
3898,0
7236,1
1555,1
3416,0
5638,1
7745,1
3744,0
9616,1
8583,1
7862,0
2163,1
7108,0
4406,0
4163,1
8607,1
7477,1
7017,0
2220,1
1267,1
3366,1
5780,1
1150,1
1794,1
4272,1
6276,1
600,1
5492,0
6690,0
3068,1
555,1
868,1
5247,0
4995,1
9073,1
8041,0
4438,0
7259,1
3087,1
3094,1
6166,1
4044,0
9016,0
3074,1
2173,1
1944,1
6200,1
8950,0
9093,0
6960,0
6697,1
2311,1
2345,1
1672,1
488,1
7016,1
5631,1
187,1
975,1
807,1
9127,0
4462,1
6642,1
4980,0
126,1
4509,1
4317,1
1151,1
1395,1
757,1
4735,1
7682,1
2835,1
2529,1
253,1
10897,0
1453,1
2850,1
2890,1
7411,1
7589,1
3256,1
5868,1
2047,1
1377,1
10722,0
7685,0
819,1
4688,1
8472,1
8757,0
7959,0
1750,1
9587,0
2070,1
8349,0
1007,1
8585,1
4217,0
2040,1
5419,0
7643,0
2737,1
7709,1
467,1
6630,1
2734,1
5982,0
10494,0
3246,1
6621,0
3249,1
4019,0
4774,0
5901,0
4699,0
9527,1
10368,0
7773,0
774,1
47,1
9259,1
2524,1
2653,1
1717,1
2935,1
1263,1
4157,1
10302,1
1340,1
5615,1
1268,1
3055,1
5986,0
1050,1
10321,1
10262,1
3490,1
4356,0
9218,0
1816,1
7165,0
4690,0
9191,0
9100,1
4695,0
4534,0
7906,0
3798,1
3109,1
4952,0
3546,1
10920,1
1963,1
9726,0
8643,0
5805,0
8140,0
10364,0
2523,1
8904,0
110,1
3544,1
4013,0
6981,0
10199,0
6852,0
4391,0
6158,0
2753,1
5075,0
6925,0
8836,0
10531,1
3564,0
8557,0
3864,0
3851,0
1769,1
1112,1
6227,1
426,1
5908,1
7778,1
7831,1
4180,0
849,1
10729,0
1142,1
1241,1
3429,0
9595,0
3259,1
5881,0
5399,0
9904,1
8886,0
5150,1
10206,0
7578,0
3294,0
8725,0
10078,0
9319,0
7618,1
7448,1
5016,1
7273,0
10528,1
8001,1
1125,1
4479,1
2771,1
4862,1
4104,0
6256,1
4722,1
4938,0
2113,1
4604,1
1728,1
7836,0
1757,1
588,1
3161,0
8623,1
6204,1
8700,0
4622,1
8875,0
7064,1
661,1
1203,1
6801,1
10034,0
1185,1
3275,1
545,1
466,1
5116,0
3538,1
3399,0
4022,1
1687,1
9897,1
1867,1
7234,0
2882,1
4036,1
10924,0
9438,1
9111,0
571,1
3433,0
7231,0
9481,0
9033,1
8872,1
1231,1
3657,1
2428,1
7068,0
5349,0
3095,1
6039,1
865,1
6827,1
7290,0
4540,0
5706,0
1735,1
10999,0
6955,0
2007,1
9824,0
3830,0
8854,1
5989,1
6460,1
9239,1
8266,1
394,1
8226,0
3867,0
3550,1
10080,0
3859,0
3379,0
8980,1
5543,0
5392,0
6628,0
10721,0
444,1
3380,1
3853,0
10079,1
3888,0
8604,0
9711,0
1898,1
7792,1
2362,1
3292,0
1584,1
5341,0
9023,0
1529,1
4236,1
3346,0
6726,1
2984,1
1745,1
7014,1
1842,1
5085,1
5968,0
3767,0
1739,1
10191,1
872,1
6612,1
10504,1
708,1
9003,0
9418,0
3860,0
5405,1
5063,0
4879,1
10202,0
60,1
8746,1
4326,1
2026,1
6986,0
4183,0
3629,0
5339,1
690,1
272,1
10022,1
3206,0
1288,1
3365,1
2625,1
677,1
5274,0
8438,0
1868,1
1496,1
5737,0
7764,1
2425,1
2083,1
3202,0
6698,1
4776,0
2396,1
4120,1
9117,1
8011,0
238,1
6037,0
782,1
2012,1
7455,1
6317,0
1287,1
10932,1
7313,0
4883,0
998,1
6367,1
9425,1
2704,1
9103,0
5278,0
3233,1
1891,1
5401,0
9138,0
2064,1
96,1
1958,1
6677,1
4311,0
1642,1
4675,0
7297,0
5456,0
3240,1
2990,1
565,1
9889,0
6641,0
1915,1
2127,1
6650,0
6579,0
10258,0
5053,1
6048,0
2597,1
901,1
4667,0
6815,0
8363,0
3133,1
6036,0
6544,0
8957,0
4021,0
9674,0
7395,0
6562,0
10213,0
5964,1
5343,0
8837,0
5162,0
8595,0
6569,0
8181,0
9337,0
2120,1
6749,0
6122,0
7968,0
7153,1
1535,1
1091,1
5256,0
1848,1
5758,0
8262,1
2488,1
2343,1
9563,0
5858,1
3966,1
1196,1
2970,1
7097,0
7980,1
3085,1
1440,1
9952,0
10194,1
5126,0
1426,1
3213,0
6530,1
1564,1
2347,1
6964,0
2135,1
4522,1
7305,0
2280,1
8435,1
6503,0
765,1
6019,0
10007,0
7286,0
6087,0
4111,0
3608,0
10311,1
1625,1
10679,0
1518,1
8293,0
294,1
5523,1
4958,1
9197,0
3268,1
1632,1
2939,1
1290,1
5132,1
8474,1
4651,0
10805,1
2517,1
8484,0
2991,1
8917,1
3175,1
1189,1
10025,1
9333,0
8381,0
2941,1
3317,1
1964,1
3053,1
4602,0
5820,1
6327,0
7919,1
6671,1
3961,0
385,1
939,1
1419,1
4580,0
3671,0
5700,1
1134,1
5658,1
9901,1
5586,0
7851,0
2745,1
3500,1
3828,1
5555,1
4177,1
7550,0
1617,1
2845,1
8880,1
2757,1
4556,0
7737,1
9015,1
10605,1
1048,1
4763,0
3495,1
5787,1
10996,0
5267,1
1155,1
7118,0
4966,1
2335,1
9507,0
9763,0
5409,0
6894,0
2039,1
1869,1
5508,0
184,1
7487,0
758,1
9451,0
8974,0
9707,0
9477,0
4620,1
2052,1
8329,0
4501,1
5319,0
8017,0
705,1
6078,0
10663,0
4372,0
7021,1
10237,0
7801,0
6358,0
5679,1
3649,1
9219,0
6702,0
3496,0
5852,0
6755,1
729,1
639,1
602,1
8098,1
6792,0
4048,1
7201,0
2661,1
7847,1
7787,1
7614,1
4204,1
8062,0
10671,1
5167,1
431,1
742,1
6268,1
3016,1
1615,1
10082,0
8915,1
169,1
9759,0
9996,0
10431,0
159,1
9761,0
3701,1
4782,0
1059,1
7450,1
10407,0
8679,1
181,1
6424,0
10280,1
9594,1
8058,1
8441,1
266,1
3963,0
1824,1
6676,0
1986,1
5899,0
4270,1
9278,0
3949,0
10590,1
7355,1
8431,0
10267,0
944,1
5355,1
951,1
2697,1
4988,0
5266,0
10156,0
8286,0
1707,1
7804,0
9560,1
5659,0
8456,0
5817,0
9693,0
551,1
1024,1
2332,1
5231,1
5173,1
10659,1
8728,0
6380,1
7848,1
8458,1
7590,0
320,1
7330,0
10170,0
5834,1
6951,0
1547,1
4447,1
6728,0
4591,0
7145,0
1379,1
8820,1
6814,0
6773,0
5969,0
10485,0
3582,1
10603,0
10557,0
1589,1
4947,1
752,1
1365,1
446,1
2297,1
8217,0
8817,1
7078,1
311,1
5482,0
10132,1
1740,1
6360,0
1930,1
577,1
9096,0
9293,0
9498,1
4117,1
3497,1
2385,1
2711,1
4762,1
10085,0
8994,0
2215,1
4457,1
767,1
7856,1
2392,1
2078,1
10021,0
10017,0
3064,1
2508,1
3445,1
9924,0
4101,1
1840,1
8340,1
1834,1
3441,0
4737,0
4524,1
7126,0
3518,1
3848,1
1064,1
1260,1
85,1
7736,0
7412,1
1870,1
10442,0
10660,1
4783,1
9203,0
3619,0
4280,0
9590,1
10743,0
9185,1
7278,1
5332,0
7431,0
3542,0
1575,1
2819,1
4156,0
9522,0
917,1
1770,1
257,1
7925,0
2718,1
1214,1
840,1
2810,1
4299,0
6978,0
10454,0
5775,1
8923,1
4520,0
10604,1
10232,1
706,1
5336,1
4052,1
1539,1
6620,0
6617,0
584,1
7186,1
3935,0
10,1
6098,0
7143,1
1875,1
7909,0
9677,1
671,1
9098,0
8100,1
2703,1
5636,0
10106,0
10787,0
1251,1
3020,1
2886,1
9774,0
3676,0
3930,0
8455,0
103,1
10139,1
1484,1
6846,1
240,1
8503,1
3576,1
6711,0
3362,0
10810,1
5323,1
6778,0
8424,0
6687,1
1075,1
1191,1
3569,0
903,1
8676,0
607,1
256,1
4882,1
3889,0
5503,1
10922,1
6603,0
10056,1
241,1
7670,0
7047,1
1122,1
1181,1
589,1
10323,1
6824,0
10070,0
8695,1
1604,1
8249,0
2948,1
3964,0
1924,1
694,1
5930,0
9718,1
9215,0
1987,1
8593,0
4323,0
8883,1
5606,1
10781,0
554,1
7599,0
5938,0
8629,0
6659,1
9237,0
2709,1
7849,1
1901,1
4704,0
7147,0
3084,1
6437,1
973,1
9611,0
4030,0
2276,1
1508,1
6718,0
459,1
10778,1
1720,1
10466,0
1467,1
1882,1
6175,1
10187,0
4906,1
319,1
4374,0
2598,1
6998,0
4035,0
5500,0
10916,0
4480,1
5667,0
2578,1
3810,1
5198,0
10921,1
4787,0
3493,1
6062,0
4275,0
9526,0
4992,1
1383,1
7031,0
3985,0
8982,1
6651,0
8548,1
5532,1
3089,1
8172,0
2660,1
504,1
3597,0
4264,0
3989,1
4076,0
423,1
5311,1
3501,0
6725,0
7873,0
7730,1
8263,0
7967,1
3605,0
2205,1
1714,1
612,1
4184,0
6389,1
10150,0
1703,1
6456,1
5197,0
2949,1
1500,1
4343,1
9779,0
9777,1
8663,1
4586,0
10013,0
2183,1
